<?xml version="1.0" encoding="UTF-8"?><?xml-stylesheet type='text/xsl' href='_UpgradeReport_Files/UpgradeReport.xslt'?><UpgradeLog>
<Properties><Property Name="Solution" Value="ViewFile">
</Property><Property Name="Solution File" Value="I:\DSTU\Мои лекции\2008-2009\C#\Лабораторные работы\1!\Коды к работе\ViewFile\ViewFile.sln">
</Property><Property Name="Date" Value="23 ноября 2008 г.">
</Property><Property Name="Time" Value="21:35">
</Property></Properties><Event ErrorLevel="0" Project="ViewFile" Source="ViewFile\ViewFile.csproj" Description="Project converted successfully">
</Event><Event ErrorLevel="3" Project="ViewFile" Source="ViewFile\ViewFile.csproj" Description="Converted">
</Event><Event ErrorLevel="0" Project="" Source="ViewFile.sln" Description="Solution converted successfully">
</Event><Event ErrorLevel="3" Project="" Source="ViewFile.sln" Description="Converted">
</Event><Event ErrorLevel="0" Project="ViewFile" Source="ViewFile\ViewFile.csproj" Description="Scan complete: Upgrade not required for project files.">
</Event></UpgradeLog>